Unit1,Over1
Unit1,Over2
Unit1,Over3
Unit1,Over4
Unit1,Over5
Unit1,Over6
Unit1,Over7
Unit1,Over8
Unit1,Over9
Unit1,Over10
Unit1,Over11
Unit1,Over12
Unit1,Over13
Unit1,Over14
Unit1,Over15
Unit1,Over16
Unit1,Over17
Unit1,Over18
Unit1,Over19
Unit1,Over20
Unit1,Over21
Unit1,Over22
Unit1,Over23
Unit1,Over24
Unit1,Over25
Unit1,Over26
Unit1,Over27
Unit1,Over28
Unit1,Over29
Unit1,Over30
Unit1,Over31
Unit1,Over32
Unit1,Over33
Unit1,Over34
Unit1,Over35
Unit1,Over36
Unit1,Over37
Unit1,Over38
Unit1,Over39
Unit1,Over40
Unit1,Over41
Unit1,Over42
Unit1,Over43
Unit1,Over44
Unit1,Over45
Unit1,Over46
Unit1,Over47
Unit1,Over48
Unit1,Over49
Unit1,Over50
Unit1,Over51
Unit1,Over52
Unit1,Over53
Unit1,Over54
Unit1,Over55
Unit1,Over56
Unit1,Over57
Unit1,Over58
Unit1,Over59
Unit1,Over60
Unit1,Over61
Unit1,Over62
Unit1,Over63
Unit1,Over64
Unit1,Over65
Unit1,Over66
Unit1,Over67
Unit1,Over68
Unit1,Over69
Unit1,Over70
Unit1,Over71
Unit1,Over72
Unit1,Over73
Unit1,Over74
Unit1,Over75
Unit1,Over76
Unit1,Over77
Unit1,Over78
Unit1,Over79
Unit1,Over80
Unit1,Over81
Unit1,Over82
Unit1,Over83
Unit1,Over84
Unit1,Over85
Unit1,Over86
Unit1,Over87
Unit1,Over88
Unit1,Over89
Unit1,Over90
Unit1,Over91
Unit1,Over92
Unit1,Over93
Unit1,Over94
Unit1,Over95
Unit1,Over96
Unit1,Over97
Unit1,Over98
Unit1,Over99
Unit1,Over100
